<attributionReport>
   <dependencies>
      <dependency>
         <name>Annotations for Metrics</name>
         <groupId>io.dropwizard.metrics</groupId>
         <artifactId>metrics-annotation</artifactId>
         <version>3.1.2</version>
         <projectUrl>http://metrics.codahale.com/metrics-annotation/</projectUrl>
         <type>jar</type>
         <licenses>
            <license>
               <name>Apache License 2.0</name>
               <url>http://www.apache.org/licenses/LICENSE-2.0.html</url>
            </license>
         </licenses>
         <downloadUrls>
            <string>https://repo.maven.apache.org/maven2/io/dropwizard/metrics/metrics-annotation/3.1.2/metrics-annotation-3.1.2.jar</string>
         </downloadUrls>
      </dependency>
      <dependency>
         <name>Antlr 3 Runtime</name>
         <groupId>org.antlr</groupId>
         <artifactId>antlr-runtime</artifactId>
         <version>3.2</version>
         <projectUrl>http://www.antlr.org</projectUrl>
         <type>jar</type>
         <licenses/>
         <downloadUrls>
            <string>https://repo.maven.apache.org/maven2/org/antlr/antlr-runtime/3.2/antlr-runtime-3.2.jar</string>
         </downloadUrls>
      </dependency>
      <dependency>
         <name>ANTLR Grammar Tool</name>
         <groupId>org.antlr</groupId>
         <artifactId>antlr</artifactId>
         <version>3.2</version>
         <projectUrl>http://antlr.org</projectUrl>
         <type>jar</type>
         <licenses/>
         <downloadUrls>
            <string>https://repo.maven.apache.org/maven2/org/antlr/antlr/3.2/antlr-3.2.jar</string>
         </downloadUrls>
      </dependency>
      <dependency>
         <name>AntLR Parser Generator</name>
         <groupId>antlr</groupId>
         <artifactId>antlr</artifactId>
         <version>2.7.7</version>
         <projectUrl>http://www.antlr.org/</projectUrl>
         <type>jar</type>
         <licenses>
            <license>
               <name>BSD License</name>
               <url>http://www.antlr.org/license.html</url>
            </license>
         </licenses>
         <downloadUrls>
            <string>https://repo.maven.apache.org/maven2/antlr/antlr/2.7.7/antlr-2.7.7.jar</string>
         </downloadUrls>
      </dependency>
      <dependency>
         <name>ANTLR StringTemplate</name>
         <groupId>org.antlr</groupId>
         <artifactId>stringtemplate</artifactId>
         <version>3.2</version>
         <projectUrl>http://www.stringtemplate.org</projectUrl>
         <type>jar</type>
         <licenses>
            <license>
               <name>BSD licence</name>
               <url>http://antlr.org/license.html</url>
            </license>
         </licenses>
         <downloadUrls>
            <string>https://repo.maven.apache.org/maven2/org/antlr/stringtemplate/3.2/stringtemplate-3.2.jar</string>
         </downloadUrls>
      </dependency>
      <dependency>
         <name>AOP alliance</name>
         <groupId>aopalliance</groupId>
         <artifactId>aopalliance</artifactId>
         <version>1.0</version>
         <projectUrl>http://aopalliance.sourceforge.net</projectUrl>
         <type>jar</type>
         <licenses>
            <license>
               <name>Public Domain</name>
            </license>
         </licenses>
         <downloadUrls>
            <string>https://repo.maven.apache.org/maven2/aopalliance/aopalliance/1.0/aopalliance-1.0.jar</string>
         </downloadUrls>
      </dependency>
      <dependency>
         <name>Apache Ant Core</name>
         <groupId>org.apache.ant</groupId>
         <artifactId>ant</artifactId>
         <version>1.9.4</version>
         <projectUrl>http://ant.apache.org/</projectUrl>
         <type>jar</type>
         <licenses>
            <license>
               <name>The Apache Software License, Version 2.0</name>
               <url>http://www.apache.org/licenses/LICENSE-2.0.txt</url>
            </license>
         </licenses>
         <downloadUrls>
            <string>https://repo.maven.apache.org/maven2/org/apache/ant/ant/1.9.4/ant-1.9.4.jar</string>
         </downloadUrls>
      </dependency>
      <dependency>
         <name>Apache Ant Launcher</name>
         <groupId>org.apache.ant</groupId>
         <artifactId>ant-launcher</artifactId>
         <version>1.9.4</version>
         <projectUrl>http://ant.apache.org/</projectUrl>
         <type>jar</type>
         <licenses>
            <license>
               <name>The Apache Software License, Version 2.0</name>
               <url>http://www.apache.org/licenses/LICENSE-2.0.txt</url>
            </license>
         </licenses>
         <downloadUrls>
            <string>https://repo.maven.apache.org/maven2/org/apache/ant/ant-launcher/1.9.4/ant-launcher-1.9.4.jar</string>
         </downloadUrls>
      </dependency>
      <dependency>
         <name>Apache Cassandra</name>
         <groupId>org.apache.cassandra</groupId>
         <artifactId>cassandra-all</artifactId>
         <version>1.2.11</version>
         <projectUrl>http://cassandra.apache.org</projectUrl>
         <type>jar</type>
         <licenses>
            <license>
               <name>The Apache Software License, Version 2.0</name>
               <url>http://www.apache.org/licenses/LICENSE-2.0.txt</url>
            </license>
         </licenses>
         <downloadUrls>
            <string>https://repo.maven.apache.org/maven2/org/apache/cassandra/cassandra-all/1.2.11/cassandra-all-1.2.11.jar</string>
         </downloadUrls>
      </dependency>
      <dependency>
         <name>Apache Cassandra</name>
         <groupId>org.apache.cassandra</groupId>
         <artifactId>cassandra-thrift</artifactId>
         <version>1.2.11</version>
         <projectUrl>http://cassandra.apache.org</projectUrl>
         <type>jar</type>
         <licenses>
            <license>
               <name>The Apache Software License, Version 2.0</name>
               <url>http://www.apache.org/licenses/LICENSE-2.0.txt</url>
            </license>
         </licenses>
         <downloadUrls>
            <string>https://repo.maven.apache.org/maven2/org/apache/cassandra/cassandra-thrift/1.2.11/cassandra-thrift-1.2.11.jar</string>
         </downloadUrls>
      </dependency>
      <dependency>
         <name>Apache Commons Collections</name>
         <groupId>org.apache.commons</groupId>
         <artifactId>commons-collections4</artifactId>
         <version>4.1</version>
         <projectUrl>http://commons.apache.org/proper/commons-collections/</projectUrl>
         <type>jar</type>
         <licenses>
            <license>
               <name>Apache License, Version 2.0</name>
               <url>http://www.apache.org/licenses/LICENSE-2.0.txt</url>
            </license>
         </licenses>
         <downloadUrls>
            <string>https://repo.maven.apache.org/maven2/org/apache/commons/commons-collections4/4.1/commons-collections4-4.1.jar</string>
         </downloadUrls>
      </dependency>
      <dependency>
         <name>Apache Commons Lang</name>
         <groupId>org.apache.commons</groupId>
         <artifactId>commons-lang3</artifactId>
         <version>3.3</version>
         <projectUrl>http://commons.apache.org/proper/commons-lang/</projectUrl>
         <type>jar</type>
         <licenses>
            <license>
               <name>The Apache Software License, Version 2.0</name>
               <url>http://www.apache.org/licenses/LICENSE-2.0.txt</url>
            </license>
         </licenses>
         <downloadUrls>
            <string>https://repo.maven.apache.org/maven2/org/apache/commons/commons-lang3/3.3/commons-lang3-3.3.jar</string>
         </downloadUrls>
      </dependency>
      <dependency>
         <name>Apache HttpClient</name>
         <groupId>org.apache.httpcomponents</groupId>
         <artifactId>httpclient</artifactId>
         <version>4.3.5</version>
         <projectUrl>http://hc.apache.org/httpcomponents-client</projectUrl>
         <type>jar</type>
         <licenses>
            <license>
               <name>Apache License, Version 2.0</name>
               <url>http://www.apache.org/licenses/LICENSE-2.0.txt</url>
            </license>
         </licenses>
         <downloadUrls>
            <string>https://repo.maven.apache.org/maven2/org/apache/httpcomponents/httpclient/4.3.5/httpclient-4.3.5.jar</string>
         </downloadUrls>
      </dependency>
      <dependency>
         <name>Apache HttpCore</name>
         <groupId>org.apache.httpcomponents</groupId>
         <artifactId>httpcore</artifactId>
         <version>4.3.2</version>
         <projectUrl>http://hc.apache.org/httpcomponents-core-ga</projectUrl>
         <type>jar</type>
         <licenses>
            <license>
               <name>Apache License, Version 2.0</name>
               <url>LICENSE.txt</url>
            </license>
         </licenses>
         <downloadUrls>
            <string>https://repo.maven.apache.org/maven2/org/apache/httpcomponents/httpcore/4.3.2/httpcore-4.3.2.jar</string>
         </downloadUrls>
      </dependency>
      <dependency>
         <name>Apache Log4j</name>
         <groupId>log4j</groupId>
         <artifactId>log4j</artifactId>
         <version>1.2.17</version>
         <projectUrl>http://logging.apache.org/log4j/1.2/</projectUrl>
         <type>jar</type>
         <licenses>
            <license>
               <name>The Apache Software License, Version 2.0</name>
               <url>http://www.apache.org/licenses/LICENSE-2.0.txt</url>
            </license>
         </licenses>
         <downloadUrls>
            <string>https://repo.maven.apache.org/maven2/log4j/log4j/1.2.17/log4j-1.2.17.jar</string>
         </downloadUrls>
      </dependency>
      <dependency>
         <name>Apache ServiceMix :: Bundles :: commons-csv</name>
         <groupId>org.apache.servicemix.bundles</groupId>
         <artifactId>org.apache.servicemix.bundles.commons-csv</artifactId>
         <version>1.0-r706900_3</version>
         <projectUrl>http://servicemix.apache.org/bundles-pom/org.apache.servicemix.bundles.commons-csv/</projectUrl>
         <type>jar</type>
         <licenses>
            <license>
               <name>The Apache Software License, Version 2.0</name>
               <url>http://www.apache.org/licenses/LICENSE-2.0.txt</url>
            </license>
         </licenses>
         <downloadUrls>
            <string>https://repo.maven.apache.org/maven2/org/apache/servicemix/bundles/org.apache.servicemix.bundles.commons-csv/1.0-r706900_3/org.apache.servicemix.bundles.commons-csv-1.0-r706900_3.jar</string>
         </downloadUrls>
      </dependency>
      <dependency>
         <name>Apache Thrift</name>
         <groupId>org.apache.thrift</groupId>
         <artifactId>libthrift</artifactId>
         <version>0.7.0</version>
         <projectUrl>http://thrift.apache.org</projectUrl>
         <type>jar</type>
         <licenses>
            <license>
               <name>The Apache Software License, Version 2.0</name>
               <url>http://www.apache.org/licenses/LICENSE-2.0.txt&quot;</url>
            </license>
         </licenses>
         <downloadUrls>
            <string>https://repo.maven.apache.org/maven2/org/apache/thrift/libthrift/0.7.0/libthrift-0.7.0.jar</string>
         </downloadUrls>
      </dependency>
      <dependency>
         <name>Apache XBean :: Classpath Resource Finder</name>
         <groupId>org.apache.xbean</groupId>
         <artifactId>xbean-finder</artifactId>
         <version>3.11.1</version>
         <projectUrl>http://geronimo.apache.org/maven/xbean/3.11.1/xbean-finder</projectUrl>
         <type>jar</type>
         <licenses>
            <license>
               <name>The Apache Software License, Version 2.0</name>
               <url>http://www.apache.org/licenses/LICENSE-2.0.txt</url>
            </license>
         </licenses>
         <downloadUrls>
            <string>https://repo.maven.apache.org/maven2/org/apache/xbean/xbean-finder/3.11.1/xbean-finder-3.11.1.jar</string>
         </downloadUrls>
      </dependency>
      <dependency>
         <name>Apache XBean OSGI Bundle Utilities</name>
         <groupId>org.apache.xbean</groupId>
         <artifactId>xbean-bundleutils</artifactId>
         <version>3.11.1</version>
         <projectUrl>http://geronimo.apache.org/maven/xbean/3.11.1/xbean-bundleutils</projectUrl>
         <type>jar</type>
         <licenses>
            <license>
               <name>The Apache Software License, Version 2.0</name>
               <url>http://www.apache.org/licenses/LICENSE-2.0.txt</url>
            </license>
         </licenses>
         <downloadUrls>
            <string>https://repo.maven.apache.org/maven2/org/apache/xbean/xbean-bundleutils/3.11.1/xbean-bundleutils-3.11.1.jar</string>
         </downloadUrls>
      </dependency>
      <dependency>
         <name>archaius-core</name>
         <groupId>com.netflix.archaius</groupId>
         <artifactId>archaius-core</artifactId>
         <version>0.5.12</version>
         <projectUrl>https://github.com/Netflix/archaius</projectUrl>
         <type>jar</type>
         <licenses>
            <license>
               <name>The Apache Software License, Version 2.0</name>
               <url>http://www.apache.org/licenses/LICENSE-2.0.txt</url>
            </license>
         </licenses>
         <downloadUrls>
            <string>https://repo.maven.apache.org/maven2/com/netflix/archaius/archaius-core/0.5.12/archaius-core-0.5.12.jar</string>
         </downloadUrls>
      </dependency>
      <dependency>
         <name>ASM All</name>
         <groupId>asm</groupId>
         <artifactId>asm-all</artifactId>
         <version>3.2</version>
         <projectUrl>http://asm.objectweb.org/asm-all/</projectUrl>
         <type>jar</type>
         <licenses>
            <license>
               <name>BSD</name>
               <url>http://asm.objectweb.org/license.html</url>
            </license>
         </licenses>
         <downloadUrls>
            <string>https://repo.maven.apache.org/maven2/asm/asm-all/3.2/asm-all-3.2.jar</string>
         </downloadUrls>
      </dependency>
      <dependency>
         <name>ASM Core</name>
         <groupId>org.ow2.asm</groupId>
         <artifactId>asm</artifactId>
         <version>5.0.3</version>
         <projectUrl>http://asm.objectweb.org/asm/</projectUrl>
         <type>jar</type>
         <licenses>
            <license>
               <name>BSD</name>
               <url>http://asm.objectweb.org/license.html</url>
            </license>
         </licenses>
         <downloadUrls>
            <string>https://repo.maven.apache.org/maven2/org/ow2/asm/asm/5.0.3/asm-5.0.3.jar</string>
         </downloadUrls>
      </dependency>
      <dependency>
         <name>AssertJ fluent assertions</name>
         <groupId>org.assertj</groupId>
         <artifactId>assertj-core</artifactId>
         <version>3.4.0</version>
         <projectUrl>http://assertj.org/assertj-core</projectUrl>
         <type>jar</type>
         <licenses>
            <license>
               <name>Apache License, Version 2.0</name>
               <url>http://www.apache.org/licenses/LICENSE-2.0.txt</url>
            </license>
         </licenses>
         <downloadUrls>
            <string>https://repo.maven.apache.org/maven2/org/assertj/assertj-core/3.4.0/assertj-core-3.4.0.jar</string>
         </downloadUrls>
      </dependency>
      <dependency>
         <name>astyanax-cassandra</name>
         <groupId>com.netflix.astyanax</groupId>
         <artifactId>astyanax-cassandra</artifactId>
         <version>2.0.1</version>
         <projectUrl>https://github.com/Netflix/astyanax</projectUrl>
         <type>jar</type>
         <licenses>
            <license>
               <name>The Apache Software License, Version 2.0</name>
               <url>http://www.apache.org/licenses/LICENSE-2.0.txt</url>
            </license>
         </licenses>
         <downloadUrls>
            <string>https://repo.maven.apache.org/maven2/com/netflix/astyanax/astyanax-cassandra/2.0.1/astyanax-cassandra-2.0.1.jar</string>
         </downloadUrls>
      </dependency>
      <dependency>
         <name>astyanax-core</name>
         <groupId>com.netflix.astyanax</groupId>
         <artifactId>astyanax-core</artifactId>
         <version>2.0.1</version>
         <projectUrl>https://github.com/Netflix/astyanax</projectUrl>
         <type>jar</type>
         <licenses>
            <license>
               <name>The Apache Software License, Version 2.0</name>
               <url>http://www.apache.org/licenses/LICENSE-2.0.txt</url>
            </license>
         </licenses>
         <downloadUrls>
            <string>https://repo.maven.apache.org/maven2/com/netflix/astyanax/astyanax-core/2.0.1/astyanax-core-2.0.1.jar</string>
         </downloadUrls>
      </dependency>
      <dependency>
         <name>autumn-client</name>
         <groupId>com.intuit.autumn</groupId>
         <artifactId>autumn-client</artifactId>
         <version>1.0.20160626031951</version>
         <projectUrl>https://github.com/intuit/Autumn/autumn-client</projectUrl>
         <type>jar</type>
         <licenses>
            <license>
               <name>Apache</name>
               <url>http://www.apache.org/licenses/LICENSE-2.0</url>
            </license>
         </licenses>
         <downloadUrls>
            <string>https://repo.maven.apache.org/maven2/com/intuit/autumn/autumn-client/1.0.20160626031951/autumn-client-1.0.20160626031951.jar</string>
         </downloadUrls>
      </dependency>
      <dependency>
         <name>autumn-utils</name>
         <groupId>com.intuit.autumn</groupId>
         <artifactId>autumn-utils</artifactId>
         <version>1.0.20160626031951</version>
         <projectUrl>https://github.com/intuit/Autumn/autumn-utils</projectUrl>
         <type>jar</type>
         <licenses>
            <license>
               <name>Apache</name>
               <url>http://www.apache.org/licenses/LICENSE-2.0</url>
            </license>
         </licenses>
         <downloadUrls>
            <string>https://repo.maven.apache.org/maven2/com/intuit/autumn/autumn-utils/1.0.20160626031951/autumn-utils-1.0.20160626031951.jar</string>
         </downloadUrls>
      </dependency>
      <dependency>
         <name>avro</name>
         <groupId>org.apache.cassandra.deps</groupId>
         <artifactId>avro</artifactId>
         <version>1.4.0-cassandra-1</version>
         <type>jar</type>
         <licenses/>
         <downloadUrls>
            <string>https://repo.maven.apache.org/maven2/org/apache/cassandra/deps/avro/1.4.0-cassandra-1/avro-1.4.0-cassandra-1.jar</string>
         </downloadUrls>
      </dependency>
      <dependency>
         <name>Bean Validation API</name>
         <groupId>javax.validation</groupId>
         <artifactId>validation-api</artifactId>
         <version>1.1.0.Final</version>
         <projectUrl>http://beanvalidation.org</projectUrl>
         <type>jar</type>
         <licenses>
            <license>
               <name>The Apache Software License, Version 2.0</name>
               <url>http://www.apache.org/licenses/LICENSE-2.0.txt</url>
            </license>
         </licenses>
         <downloadUrls>
            <string>https://repo.maven.apache.org/maven2/javax/validation/validation-api/1.1.0.Final/validation-api-1.1.0.Final.jar</string>
         </downloadUrls>
      </dependency>
      <dependency>
         <name>BoneCP :: Core Library</name>
         <groupId>com.jolbox</groupId>
         <artifactId>bonecp</artifactId>
         <version>0.8.0.RELEASE</version>
         <projectUrl>http://jolbox.com/bonecp</projectUrl>
         <type>jar</type>
         <licenses>
            <license>
               <name>Apache v2</name>
               <url>http://www.apache.org/licenses/LICENSE-2.0.html</url>
            </license>
         </licenses>
         <downloadUrls>
            <string>https://repo.maven.apache.org/maven2/com/jolbox/bonecp/0.8.0.RELEASE/bonecp-0.8.0.RELEASE.jar</string>
         </downloadUrls>
      </dependency>
      <dependency>
         <name>catch-exception</name>
         <groupId>eu.codearte.catch-exception</groupId>
         <artifactId>catch-exception</artifactId>
         <version>1.4.4</version>
         <projectUrl>https://github.com/Codearte/catch-exception/</projectUrl>
         <type>jar</type>
         <licenses>
            <license>
               <name>Apache 2</name>
               <url>http://www.apache.org/licenses/LICENSE-2.0.txt</url>
            </license>
         </licenses>
         <downloadUrls>
            <string>https://repo.maven.apache.org/maven2/eu/codearte/catch-exception/catch-exception/1.4.4/catch-exception-1.4.4.jar</string>
         </downloadUrls>
      </dependency>
      <dependency>
         <name>cglib</name>
         <groupId>cglib</groupId>
         <artifactId>cglib</artifactId>
         <version>3.2.0</version>
         <projectUrl>https://github.com/cglib/cglib/cglib</projectUrl>
         <type>jar</type>
         <licenses>
            <license>
               <name>ASF 2.0</name>
               <url>http://www.apache.org/licenses/LICENSE-2.0.txt</url>
            </license>
         </licenses>
         <downloadUrls>
            <string>https://repo.maven.apache.org/maven2/cglib/cglib/3.2.0/cglib-3.2.0.jar</string>
         </downloadUrls>
      </dependency>
      <dependency>
         <name>CLI</name>
         <groupId>commons-cli</groupId>
         <artifactId>commons-cli</artifactId>
         <version>1.1</version>
         <projectUrl>http://jakarta.apache.org/commons/cli/</projectUrl>
         <type>jar</type>
         <licenses>
            <license>
               <name>The Apache Software License, Version 2.0</name>
               <url>/LICENSE.txt</url>
            </license>
         </licenses>
         <downloadUrls>
            <string>https://repo.maven.apache.org/maven2/commons-cli/commons-cli/1.1/commons-cli-1.1.jar</string>
         </downloadUrls>
      </dependency>
      <dependency>
         <name>Code Generation Library</name>
         <groupId>cglib</groupId>
         <artifactId>cglib-nodep</artifactId>
         <version>2.2.2</version>
         <projectUrl>http://cglib.sourceforge.net/</projectUrl>
         <type>jar</type>
         <licenses>
            <license>
               <name>ASF 2.0</name>
               <url>http://www.apache.org/licenses/LICENSE-2.0.txt</url>
            </license>
         </licenses>
         <downloadUrls>
            <string>https://repo.maven.apache.org/maven2/cglib/cglib-nodep/2.2.2/cglib-nodep-2.2.2.jar</string>
         </downloadUrls>
      </dependency>
      <dependency>
         <name>colt</name>
         <groupId>colt</groupId>
         <artifactId>colt</artifactId>
         <version>1.2.0</version>
         <type>jar</type>
         <licenses/>
         <downloadUrls>
            <string>https://repo.maven.apache.org/maven2/colt/colt/1.2.0/colt-1.2.0.jar</string>
         </downloadUrls>
      </dependency>
      <dependency>
         <name>Commons Codec</name>
         <groupId>commons-codec</groupId>
         <artifactId>commons-codec</artifactId>
         <version>1.5</version>
         <projectUrl>http://commons.apache.org/codec/</projectUrl>
         <type>jar</type>
         <licenses>
            <license>
               <name>The Apache Software License, Version 2.0</name>
               <url>http://www.apache.org/licenses/LICENSE-2.0.txt</url>
            </license>
         </licenses>
         <downloadUrls>
            <string>https://repo.maven.apache.org/maven2/commons-codec/commons-codec/1.5/commons-codec-1.5.jar</string>
         </downloadUrls>
      </dependency>
      <dependency>
         <name>Commons Configuration</name>
         <groupId>commons-configuration</groupId>
         <artifactId>commons-configuration</artifactId>
         <version>1.8</version>
         <projectUrl>http://commons.apache.org/configuration/</projectUrl>
         <type>jar</type>
         <licenses>
            <license>
               <name>The Apache Software License, Version 2.0</name>
               <url>http://www.apache.org/licenses/LICENSE-2.0.txt</url>
            </license>
         </licenses>
         <downloadUrls>
            <string>https://repo.maven.apache.org/maven2/commons-configuration/commons-configuration/1.8/commons-configuration-1.8.jar</string>
         </downloadUrls>
      </dependency>
      <dependency>
         <name>Commons IO</name>
         <groupId>commons-io</groupId>
         <artifactId>commons-io</artifactId>
         <version>2.4</version>
         <projectUrl>http://commons.apache.org/io/</projectUrl>
         <type>jar</type>
         <licenses>
            <license>
               <name>The Apache Software License, Version 2.0</name>
               <url>http://www.apache.org/licenses/LICENSE-2.0.txt</url>
            </license>
         </licenses>
         <downloadUrls>
            <string>https://repo.maven.apache.org/maven2/commons-io/commons-io/2.4/commons-io-2.4.jar</string>
         </downloadUrls>
      </dependency>
      <dependency>
         <name>Commons Lang</name>
         <groupId>commons-lang</groupId>
         <artifactId>commons-lang</artifactId>
         <version>2.6</version>
         <projectUrl>http://commons.apache.org/lang/</projectUrl>
         <type>jar</type>
         <licenses>
            <license>
               <name>The Apache Software License, Version 2.0</name>
               <url>http://www.apache.org/licenses/LICENSE-2.0.txt</url>
            </license>
         </licenses>
         <downloadUrls>
            <string>https://repo.maven.apache.org/maven2/commons-lang/commons-lang/2.6/commons-lang-2.6.jar</string>
         </downloadUrls>
      </dependency>
      <dependency>
         <name>ConcurrentLinkedHashMap</name>
         <groupId>com.googlecode.concurrentlinkedhashmap</groupId>
         <artifactId>concurrentlinkedhashmap-lru</artifactId>
         <version>1.3</version>
         <projectUrl>http://code.google.com/p/concurrentlinkedhashmap</projectUrl>
         <type>jar</type>
         <licenses>
            <license>
               <name>The Apache Software License, Version 2.0</name>
               <url>http://www.apache.org/licenses/LICENSE-2.0.txt</url>
            </license>
         </licenses>
         <downloadUrls>
            <string>https://repo.maven.apache.org/maven2/com/googlecode/concurrentlinkedhashmap/concurrentlinkedhashmap-lru/1.3/concurrentlinkedhashmap-lru-1.3.jar</string>
         </downloadUrls>
      </dependency>
      <dependency>
         <name>Data Mapper for Jackson</name>
         <groupId>org.codehaus.jackson</groupId>
         <artifactId>jackson-mapper-asl</artifactId>
         <version>1.9.11</version>
         <projectUrl>http://jackson.codehaus.org</projectUrl>
         <type>jar</type>
         <licenses>
            <license>
               <name>The Apache Software License, Version 2.0</name>
               <url>http://www.apache.org/licenses/LICENSE-2.0.txt</url>
            </license>
         </licenses>
         <downloadUrls>
            <string>https://repo.maven.apache.org/maven2/org/codehaus/jackson/jackson-mapper-asl/1.9.11/jackson-mapper-asl-1.9.11.jar</string>
         </downloadUrls>
      </dependency>
      <dependency>
         <name>DataStax Java Driver for Apache Cassandra - Core</name>
         <groupId>com.datastax.cassandra</groupId>
         <artifactId>cassandra-driver-core</artifactId>
         <version>3.0.3</version>
         <projectUrl>https://github.com/datastax/java-driver</projectUrl>
         <type>jar</type>
         <licenses>
            <license>
               <name>Apache 2</name>
               <url>http://www.apache.org/licenses/LICENSE-2.0.txt</url>
            </license>
         </licenses>
         <downloadUrls>
            <string>https://repo.maven.apache.org/maven2/com/datastax/cassandra/cassandra-driver-core/3.0.3/cassandra-driver-core-3.0.3.jar</string>
         </downloadUrls>
      </dependency>
      <dependency>
         <name>DataStax Java Driver for Apache Cassandra - Object Mapping</name>
         <groupId>com.datastax.cassandra</groupId>
         <artifactId>cassandra-driver-mapping</artifactId>
         <version>3.0.3</version>
         <projectUrl>https://github.com/datastax/java-driver</projectUrl>
         <type>jar</type>
         <licenses>
            <license>
               <name>Apache 2</name>
               <url>http://www.apache.org/licenses/LICENSE-2.0.txt</url>
            </license>
         </licenses>
         <downloadUrls>
            <string>https://repo.maven.apache.org/maven2/com/datastax/cassandra/cassandra-driver-mapping/3.0.3/cassandra-driver-mapping-3.0.3.jar</string>
         </downloadUrls>
      </dependency>
      <dependency>
         <name>Dough Lea&apos;s util.concurrent package</name>
         <groupId>concurrent</groupId>
         <artifactId>concurrent</artifactId>
         <version>1.3.4</version>
         <type>jar</type>
         <licenses>
            <license>
               <name>Public domain, Sun Microsoystems</name>
               <url>&gt;http://gee.cs.oswego.edu/dl/classes/EDU/oswego/cs/dl/util/concurrent/intro.html</url>
            </license>
         </licenses>
         <downloadUrls>
            <string>https://repo.maven.apache.org/maven2/concurrent/concurrent/1.3.4/concurrent-1.3.4.jar</string>
         </downloadUrls>
      </dependency>
      <dependency>
         <name>EasyMock</name>
         <groupId>org.easymock</groupId>
         <artifactId>easymock</artifactId>
         <version>3.4</version>
         <projectUrl>http://easymock.org/easymock</projectUrl>
         <type>jar</type>
         <licenses>
            <license>
               <name>Apache 2</name>
               <url>http://www.apache.org/licenses/LICENSE-2.0.txt</url>
            </license>
         </licenses>
         <downloadUrls>
            <string>https://repo.maven.apache.org/maven2/org/easymock/easymock/3.4/easymock-3.4.jar</string>
         </downloadUrls>
      </dependency>
      <dependency>
         <name>FindBugs-Annotations</name>
         <groupId>com.google.code.findbugs</groupId>
         <artifactId>annotations</artifactId>
         <version>2.0.0</version>
         <projectUrl>http://findbugs.sourceforge.net/</projectUrl>
         <type>jar</type>
         <licenses>
            <license>
               <name>GNU Lesser Public License</name>
               <url>http://www.gnu.org/licenses/lgpl.html</url>
            </license>
         </licenses>
         <downloadUrls>
            <string>https://repo.maven.apache.org/maven2/com/google/code/findbugs/annotations/2.0.0/annotations-2.0.0.jar</string>
         </downloadUrls>
      </dependency>
      <dependency>
         <name>flyway-core</name>
         <groupId>com.googlecode.flyway</groupId>
         <artifactId>flyway-core</artifactId>
         <version>2.3.1</version>
         <projectUrl>http://flywaydb.org/flyway-core</projectUrl>
         <type>jar</type>
         <licenses>
            <license>
               <name>Apache 2</name>
               <url>http://www.apache.org/licenses/LICENSE-2.0.txt</url>
            </license>
         </licenses>
         <downloadUrls>
            <string>http://repo1.maven.org/maven2/com/googlecode/flyway/flyway-core/2.3.1/flyway-core-2.3.1.jar</string>
            <string>https://repo.maven.apache.org/maven2/com/googlecode/flyway/flyway-core/2.3.1/flyway-core-2.3.1.jar</string>
         </downloadUrls>
      </dependency>
      <dependency>
         <name>Google Guice - Core Library</name>
         <groupId>com.google.inject</groupId>
         <artifactId>guice</artifactId>
         <version>4.0</version>
         <projectUrl>https://github.com/google/guice/guice</projectUrl>
         <type>jar</type>
         <licenses>
            <license>
               <name>The Apache Software License, Version 2.0</name>
               <url>http://www.apache.org/licenses/LICENSE-2.0.txt</url>
            </license>
         </licenses>
         <downloadUrls>
            <string>https://repo.maven.apache.org/maven2/com/google/inject/guice/4.0/guice-4.0.jar</string>
         </downloadUrls>
      </dependency>
      <dependency>
         <name>Google Guice - Extensions - AssistedInject</name>
         <groupId>com.google.inject.extensions</groupId>
         <artifactId>guice-assistedinject</artifactId>
         <version>3.0</version>
         <projectUrl>http://code.google.com/p/google-guice/extensions-parent/guice-assistedinject/</projectUrl>
         <type>jar</type>
         <licenses>
            <license>
               <name>The Apache Software License, Version 2.0</name>
               <url>http://www.apache.org/licenses/LICENSE-2.0.txt</url>
            </license>
         </licenses>
         <downloadUrls>
            <string>https://repo.maven.apache.org/maven2/com/google/inject/extensions/guice-assistedinject/3.0/guice-assistedinject-3.0.jar</string>
         </downloadUrls>
      </dependency>
      <dependency>
         <name>Google Guice - Extensions - Grapher</name>
         <groupId>com.google.inject.extensions</groupId>
         <artifactId>guice-grapher</artifactId>
         <version>3.0</version>
         <projectUrl>http://code.google.com/p/google-guice/extensions-parent/guice-grapher/</projectUrl>
         <type>jar</type>
         <licenses>
            <license>
               <name>The Apache Software License, Version 2.0</name>
               <url>http://www.apache.org/licenses/LICENSE-2.0.txt</url>
            </license>
         </licenses>
         <downloadUrls>
            <string>https://repo.maven.apache.org/maven2/com/google/inject/extensions/guice-grapher/3.0/guice-grapher-3.0.jar</string>
         </downloadUrls>
      </dependency>
      <dependency>
         <name>Google Guice - Extensions - MultiBindings</name>
         <groupId>com.google.inject.extensions</groupId>
         <artifactId>guice-multibindings</artifactId>
         <version>4.0</version>
         <projectUrl>https://github.com/google/guice/extensions-parent/guice-multibindings</projectUrl>
         <type>jar</type>
         <licenses>
            <license>
               <name>The Apache Software License, Version 2.0</name>
               <url>http://www.apache.org/licenses/LICENSE-2.0.txt</url>
            </license>
         </licenses>
         <downloadUrls>
            <string>https://repo.maven.apache.org/maven2/com/google/inject/extensions/guice-multibindings/4.0/guice-multibindings-4.0.jar</string>
         </downloadUrls>
      </dependency>
      <dependency>
         <name>governator</name>
         <groupId>com.netflix.governator</groupId>
         <artifactId>governator</artifactId>
         <version>1.3.3</version>
         <projectUrl>https://github.com/Netflix/governator</projectUrl>
         <type>jar</type>
         <licenses>
            <license>
               <name>The Apache Software License, Version 2.0</name>
               <url>http://www.apache.org/licenses/LICENSE-2.0.txt</url>
            </license>
         </licenses>
         <downloadUrls>
            <string>https://repo.maven.apache.org/maven2/com/netflix/governator/governator/1.3.3/governator-1.3.3.jar</string>
         </downloadUrls>
      </dependency>
      <dependency>
         <name>Guava: Google Core Libraries for Java</name>
         <groupId>com.google.guava</groupId>
         <artifactId>guava</artifactId>
         <version>19.0</version>
         <projectUrl>https://github.com/google/guava/guava</projectUrl>
         <type>jar</type>
         <licenses>
            <license>
               <name>The Apache Software License, Version 2.0</name>
               <url>http://www.apache.org/licenses/LICENSE-2.0.txt</url>
            </license>
         </licenses>
         <downloadUrls>
            <string>https://repo.maven.apache.org/maven2/com/google/guava/guava/19.0/guava-19.0.jar</string>
         </downloadUrls>
      </dependency>
      <dependency>
         <name>Hamcrest Core</name>
         <groupId>org.hamcrest</groupId>
         <artifactId>hamcrest-core</artifactId>
         <version>1.3</version>
         <projectUrl>https://github.com/hamcrest/JavaHamcrest/hamcrest-core</projectUrl>
         <type>jar</type>
         <licenses>
            <license>
               <name>New BSD License</name>
               <url>http://www.opensource.org/licenses/bsd-license.php</url>
            </license>
         </licenses>
         <downloadUrls>
            <string>https://repo.maven.apache.org/maven2/org/hamcrest/hamcrest-core/1.3/hamcrest-core-1.3.jar</string>
         </downloadUrls>
      </dependency>
      <dependency>
         <name>Hamcrest library</name>
         <groupId>org.hamcrest</groupId>
         <artifactId>hamcrest-library</artifactId>
         <version>1.3</version>
         <projectUrl>https://github.com/hamcrest/JavaHamcrest/hamcrest-library</projectUrl>
         <type>jar</type>
         <licenses>
            <license>
               <name>New BSD License</name>
               <url>http://www.opensource.org/licenses/bsd-license.php</url>
            </license>
         </licenses>
         <downloadUrls>
            <string>https://repo.maven.apache.org/maven2/org/hamcrest/hamcrest-library/1.3/hamcrest-library-1.3.jar</string>
         </downloadUrls>
      </dependency>
      <dependency>
         <name>Hibernate Validator</name>
         <groupId>org.hibernate</groupId>
         <artifactId>hibernate-validator</artifactId>
         <version>4.1.0.Final</version>
         <projectUrl>http://validator.hibernate.org/hibernate-validator</projectUrl>
         <type>jar</type>
         <licenses>
            <license>
               <name>Apache License, Version 2.0</name>
               <url>http://www.apache.org/licenses/LICENSE-2.0.txt</url>
            </license>
         </licenses>
         <downloadUrls>
            <string>https://repo.maven.apache.org/maven2/org/hibernate/hibernate-validator/4.1.0.Final/hibernate-validator-4.1.0.Final.jar</string>
         </downloadUrls>
      </dependency>
      <dependency>
         <name>Highly Scalable Java</name>
         <groupId>com.github.stephenc.high-scale-lib</groupId>
         <artifactId>high-scale-lib</artifactId>
         <version>1.1.2</version>
         <projectUrl>http://nexus.sonatype.org/oss-repository-hosting.html/high-scale-lib-parent/high-scale-lib</projectUrl>
         <type>jar</type>
         <licenses>
            <license>
               <name>Public Domain</name>
               <url>http://creativecommons.org/licenses/publicdomain</url>
            </license>
         </licenses>
         <downloadUrls>
            <string>https://repo.maven.apache.org/maven2/com/github/stephenc/high-scale-lib/high-scale-lib/1.1.2/high-scale-lib-1.1.2.jar</string>
         </downloadUrls>
      </dependency>
      <dependency>
         <name>HttpClient</name>
         <groupId>commons-httpclient</groupId>
         <artifactId>commons-httpclient</artifactId>
         <version>3.1</version>
         <projectUrl>http://jakarta.apache.org/httpcomponents/httpclient-3.x/</projectUrl>
         <type>jar</type>
         <licenses>
            <license>
               <name>Apache License</name>
               <url>http://www.apache.org/licenses/LICENSE-2.0</url>
            </license>
         </licenses>
         <downloadUrls>
            <string>https://repo.maven.apache.org/maven2/commons-httpclient/commons-httpclient/3.1/commons-httpclient-3.1.jar</string>
         </downloadUrls>
      </dependency>
      <dependency>
         <name>Hyrule</name>
         <groupId>Hyrule</groupId>
         <artifactId>Hyrule</artifactId>
         <version>0.0.1</version>
         <type>jar</type>
         <licenses/>
         <downloadUrls>
            <string>TBD</string>
         </downloadUrls>
      </dependency>
      <dependency>
         <name>Jackson</name>
         <groupId>org.codehaus.jackson</groupId>
         <artifactId>jackson-core-asl</artifactId>
         <version>1.9.11</version>
         <projectUrl>http://jackson.codehaus.org</projectUrl>
         <type>jar</type>
         <licenses>
            <license>
               <name>The Apache Software License, Version 2.0</name>
               <url>http://www.apache.org/licenses/LICENSE-2.0.txt</url>
            </license>
         </licenses>
         <downloadUrls>
            <string>https://repo.maven.apache.org/maven2/org/codehaus/jackson/jackson-core-asl/1.9.11/jackson-core-asl-1.9.11.jar</string>
         </downloadUrls>
      </dependency>
      <dependency>
         <name>Jackson-annotations</name>
         <groupId>com.fasterxml.jackson.core</groupId>
         <artifactId>jackson-annotations</artifactId>
         <version>2.7.2</version>
         <projectUrl>http://github.com/FasterXML/jackson</projectUrl>
         <type>jar</type>
         <licenses>
            <license>
               <name>The Apache Software License, Version 2.0</name>
               <url>http://www.apache.org/licenses/LICENSE-2.0.txt</url>
            </license>
         </licenses>
         <downloadUrls>
            <string>https://repo.maven.apache.org/maven2/com/fasterxml/jackson/core/jackson-annotations/2.7.2/jackson-annotations-2.7.2.jar</string>
         </downloadUrls>
      </dependency>
      <dependency>
         <name>Jackson-core</name>
         <groupId>com.fasterxml.jackson.core</groupId>
         <artifactId>jackson-core</artifactId>
         <version>2.7.2</version>
         <projectUrl>https://github.com/FasterXML/jackson-core</projectUrl>
         <type>jar</type>
         <licenses>
            <license>
               <name>The Apache Software License, Version 2.0</name>
               <url>http://www.apache.org/licenses/LICENSE-2.0.txt</url>
            </license>
         </licenses>
         <downloadUrls>
            <string>https://repo.maven.apache.org/maven2/com/fasterxml/jackson/core/jackson-core/2.7.2/jackson-core-2.7.2.jar</string>
         </downloadUrls>
      </dependency>
      <dependency>
         <name>jackson-databind</name>
         <groupId>com.fasterxml.jackson.core</groupId>
         <artifactId>jackson-databind</artifactId>
         <version>2.7.2</version>
         <projectUrl>http://github.com/FasterXML/jackson</projectUrl>
         <type>jar</type>
         <licenses>
            <license>
               <name>The Apache Software License, Version 2.0</name>
               <url>http://www.apache.org/licenses/LICENSE-2.0.txt</url>
            </license>
         </licenses>
         <downloadUrls>
            <string>https://repo.maven.apache.org/maven2/com/fasterxml/jackson/core/jackson-databind/2.7.2/jackson-databind-2.7.2.jar</string>
         </downloadUrls>
      </dependency>
      <dependency>
         <name>JaCoCo :: Agent</name>
         <groupId>org.jacoco</groupId>
         <artifactId>org.jacoco.agent</artifactId>
         <version>0.7.2.201409121644</version>
         <projectUrl>http://org.jacoco.agent</projectUrl>
         <type>pom</type>
         <licenses>
            <license>
               <name>Eclipse Public License v1.0</name>
               <url>http://www.eclipse.org/legal/epl-v10.html</url>
            </license>
         </licenses>
         <downloadUrls>
            <string>https://repo.maven.apache.org/maven2/org/jacoco/org.jacoco.agent/0.7.2.201409121644/org.jacoco.agent-0.7.2.201409121644.pom</string>
         </downloadUrls>
      </dependency>
      <dependency>
         <name>Java Agent for Memory Measurements</name>
         <groupId>com.github.stephenc</groupId>
         <artifactId>jamm</artifactId>
         <version>0.2.5</version>
         <projectUrl>https://github.com/jbellis/jamm/</projectUrl>
         <type>jar</type>
         <licenses>
            <license>
               <name>The Apache Software License, Version 2.0</name>
               <url>http://www.apache.org/licenses/LICENSE-2.0</url>
            </license>
         </licenses>
         <downloadUrls>
            <string>https://repo.maven.apache.org/maven2/com/github/stephenc/jamm/0.2.5/jamm-0.2.5.jar</string>
         </downloadUrls>
      </dependency>
      <dependency>
         <name>JavaBeans Activation Framework (JAF)</name>
         <groupId>javax.activation</groupId>
         <artifactId>activation</artifactId>
         <version>1.1</version>
         <projectUrl>http://java.sun.com/products/javabeans/jaf/index.jsp</projectUrl>
         <type>jar</type>
         <licenses>
            <license>
               <name>Common Development and Distribution License (CDDL) v1.0</name>
               <url>https://glassfish.dev.java.net/public/CDDLv1.0.html</url>
            </license>
         </licenses>
         <downloadUrls>
            <string>https://repo.maven.apache.org/maven2/javax/activation/activation/1.1/activation-1.1.jar</string>
         </downloadUrls>
      </dependency>
      <dependency>
         <name>Javassist</name>
         <groupId>org.javassist</groupId>
         <artifactId>javassist</artifactId>
         <version>3.20.0-GA</version>
         <projectUrl>http://www.javassist.org/</projectUrl>
         <type>jar</type>
         <licenses>
            <license>
               <name>MPL 1.1</name>
               <url>http://www.mozilla.org/MPL/MPL-1.1.html</url>
            </license>
            <license>
               <name>LGPL 2.1</name>
               <url>http://www.gnu.org/licenses/lgpl-2.1.html</url>
            </license>
            <license>
               <name>Apache License 2.0</name>
               <url>http://www.apache.org/licenses/</url>
            </license>
         </licenses>
         <downloadUrls>
            <string>https://repo.maven.apache.org/maven2/org/javassist/javassist/3.20.0-GA/javassist-3.20.0-GA.jar</string>
         </downloadUrls>
      </dependency>
      <dependency>
         <name>javax.inject</name>
         <groupId>javax.inject</groupId>
         <artifactId>javax.inject</artifactId>
         <version>1</version>
         <projectUrl>http://code.google.com/p/atinject/</projectUrl>
         <type>jar</type>
         <licenses>
            <license>
               <name>The Apache Software License, Version 2.0</name>
               <url>http://www.apache.org/licenses/LICENSE-2.0.txt</url>
            </license>
         </licenses>
         <downloadUrls>
            <string>https://repo.maven.apache.org/maven2/javax/inject/javax.inject/1/javax.inject-1.jar</string>
         </downloadUrls>
      </dependency>
      <dependency>
         <name>JAX-RS provider for JSON content type</name>
         <groupId>org.codehaus.jackson</groupId>
         <artifactId>jackson-jaxrs</artifactId>
         <version>1.9.2</version>
         <projectUrl>http://jackson.codehaus.org</projectUrl>
         <type>jar</type>
         <licenses>
            <license>
               <name>The Apache Software License, Version 2.0</name>
               <url>http://www.apache.org/licenses/LICENSE-2.0.txt</url>
            </license>
            <license>
               <name>GNU Lesser General Public License (LGPL), Version 2.1</name>
               <url>http://www.fsf.org/licensing/licenses/lgpl.txt</url>
            </license>
         </licenses>
         <downloadUrls>
            <string>https://repo.maven.apache.org/maven2/org/codehaus/jackson/jackson-jaxrs/1.9.2/jackson-jaxrs-1.9.2.jar</string>
         </downloadUrls>
      </dependency>
      <dependency>
         <name>JAXB API bundle for GlassFish V3</name>
         <groupId>javax.xml.bind</groupId>
         <artifactId>jaxb-api</artifactId>
         <version>2.2.2</version>
         <projectUrl>https://jaxb.dev.java.net/</projectUrl>
         <type>jar</type>
         <licenses>
            <license>
               <name>CDDL 1.1</name>
               <url>https://glassfish.dev.java.net/public/CDDL+GPL_1_1.html</url>
            </license>
            <license>
               <name>GPL2 w/ CPE</name>
               <url>https://glassfish.dev.java.net/public/CDDL+GPL_1_1.html</url>
            </license>
         </licenses>
         <downloadUrls>
            <string>https://repo.maven.apache.org/maven2/javax/xml/bind/jaxb-api/2.2.2/jaxb-api-2.2.2.jar</string>
         </downloadUrls>
      </dependency>
      <dependency>
         <name>JAXB RI</name>
         <groupId>com.sun.xml.bind</groupId>
         <artifactId>jaxb-impl</artifactId>
         <version>2.2.3-1</version>
         <projectUrl>http://jaxb.java.net/</projectUrl>
         <type>jar</type>
         <licenses>
            <license>
               <name>CDDL 1.1</name>
               <url>https://glassfish.java.net/public/CDDL+GPL_1_1.html</url>
            </license>
            <license>
               <name>GPL2 w/ CPE</name>
               <url>https://glassfish.java.net/public/CDDL+GPL_1_1.html</url>
            </license>
         </licenses>
         <downloadUrls>
            <string>https://repo.maven.apache.org/maven2/com/sun/xml/bind/jaxb-impl/2.2.3-1/jaxb-impl-2.2.3-1.jar</string>
         </downloadUrls>
      </dependency>
      <dependency>
         <name>jbcrypt</name>
         <groupId>org.mindrot</groupId>
         <artifactId>jbcrypt</artifactId>
         <version>0.3m</version>
         <projectUrl>http://www.mindrot.org/</projectUrl>
         <type>jar</type>
         <licenses>
            <license>
               <name>ISC/BSD License</name>
            </license>
         </licenses>
         <downloadUrls>
            <string>https://repo.maven.apache.org/maven2/org/mindrot/jbcrypt/0.3m/jbcrypt-0.3m.jar</string>
         </downloadUrls>
      </dependency>
      <dependency>
         <name>jDBI</name>
         <groupId>org.jdbi</groupId>
         <artifactId>jdbi</artifactId>
         <version>2.71</version>
         <projectUrl>http://jdbi.org/</projectUrl>
         <type>jar</type>
         <licenses>
            <license>
               <name>Apache License 2.0</name>
               <url>http://www.apache.org/licenses/LICENSE-2.0.html</url>
            </license>
         </licenses>
         <downloadUrls>
            <string>https://repo.maven.apache.org/maven2/org/jdbi/jdbi/2.71/jdbi-2.71.jar</string>
         </downloadUrls>
      </dependency>
      <dependency>
         <name>Jersey Apache HTTP Client</name>
         <groupId>com.sun.jersey.contribs</groupId>
         <artifactId>jersey-apache-client</artifactId>
         <version>1.19</version>
         <projectUrl>https://jersey.java.net/jersey-contribs/jersey-apache-client/</projectUrl>
         <type>jar</type>
         <licenses>
            <license>
               <name>CDDL 1.1</name>
               <url>http://glassfish.java.net/public/CDDL+GPL_1_1.html</url>
            </license>
            <license>
               <name>GPL2 w/ CPE</name>
               <url>http://glassfish.java.net/public/CDDL+GPL_1_1.html</url>
            </license>
         </licenses>
         <downloadUrls>
            <string>https://repo.maven.apache.org/maven2/com/sun/jersey/contribs/jersey-apache-client/1.19/jersey-apache-client-1.19.jar</string>
         </downloadUrls>
      </dependency>
      <dependency>
         <name>jersey-client</name>
         <groupId>com.sun.jersey</groupId>
         <artifactId>jersey-client</artifactId>
         <version>1.19</version>
         <projectUrl>https://jersey.java.net/jersey-client/</projectUrl>
         <type>jar</type>
         <licenses>
            <license>
               <name>CDDL 1.1</name>
               <url>http://glassfish.java.net/public/CDDL+GPL_1_1.html</url>
            </license>
            <license>
               <name>GPL2 w/ CPE</name>
               <url>http://glassfish.java.net/public/CDDL+GPL_1_1.html</url>
            </license>
         </licenses>
         <downloadUrls>
            <string>https://repo.maven.apache.org/maven2/com/sun/jersey/jersey-client/1.19/jersey-client-1.19.jar</string>
         </downloadUrls>
      </dependency>
      <dependency>
         <name>jersey-core</name>
         <groupId>com.sun.jersey</groupId>
         <artifactId>jersey-core</artifactId>
         <version>1.19</version>
         <projectUrl>https://jersey.java.net/jersey-core/</projectUrl>
         <type>jar</type>
         <licenses>
            <license>
               <name>CDDL 1.1</name>
               <url>http://glassfish.java.net/public/CDDL+GPL_1_1.html</url>
            </license>
            <license>
               <name>GPL2 w/ CPE</name>
               <url>http://glassfish.java.net/public/CDDL+GPL_1_1.html</url>
            </license>
         </licenses>
         <downloadUrls>
            <string>https://repo.maven.apache.org/maven2/com/sun/jersey/jersey-core/1.19/jersey-core-1.19.jar</string>
         </downloadUrls>
      </dependency>
      <dependency>
         <name>jersey-json</name>
         <groupId>com.sun.jersey</groupId>
         <artifactId>jersey-json</artifactId>
         <version>1.19</version>
         <projectUrl>https://jersey.java.net/jersey-json/</projectUrl>
         <type>jar</type>
         <licenses>
            <license>
               <name>CDDL 1.1</name>
               <url>http://glassfish.java.net/public/CDDL+GPL_1_1.html</url>
            </license>
            <license>
               <name>GPL2 w/ CPE</name>
               <url>http://glassfish.java.net/public/CDDL+GPL_1_1.html</url>
            </license>
         </licenses>
         <downloadUrls>
            <string>https://repo.maven.apache.org/maven2/com/sun/jersey/jersey-json/1.19/jersey-json-1.19.jar</string>
         </downloadUrls>
      </dependency>
      <dependency>
         <name>Jettison</name>
         <groupId>org.codehaus.jettison</groupId>
         <artifactId>jettison</artifactId>
         <version>1.1</version>
         <type>jar</type>
         <licenses/>
         <downloadUrls>
            <string>https://repo.maven.apache.org/maven2/org/codehaus/jettison/jettison/1.1/jettison-1.1.jar</string>
         </downloadUrls>
      </dependency>
      <dependency>
         <name>JLine</name>
         <groupId>jline</groupId>
         <artifactId>jline</artifactId>
         <version>1.0</version>
         <projectUrl>http://jline.sourceforge.net</projectUrl>
         <type>jar</type>
         <licenses>
            <license>
               <name>BSD</name>
               <url>LICENSE.txt</url>
            </license>
         </licenses>
         <downloadUrls>
            <string>https://repo.maven.apache.org/maven2/jline/jline/1.0/jline-1.0.jar</string>
         </downloadUrls>
      </dependency>
      <dependency>
         <name>Joda time</name>
         <groupId>joda-time</groupId>
         <artifactId>joda-time</artifactId>
         <version>1.6.2</version>
         <projectUrl>http://joda-time.sourceforge.net</projectUrl>
         <type>jar</type>
         <licenses>
            <license>
               <name>Apache 2</name>
               <url>http://www.apache.org/licenses/LICENSE-2.0.txt</url>
            </license>
         </licenses>
         <downloadUrls>
            <string>https://repo.maven.apache.org/maven2/joda-time/joda-time/1.6.2/joda-time-1.6.2.jar</string>
         </downloadUrls>
      </dependency>
      <dependency>
         <name>JSON.simple</name>
         <groupId>com.googlecode.json-simple</groupId>
         <artifactId>json-simple</artifactId>
         <version>1.1</version>
         <projectUrl>http://code.google.com/p/json-simple/</projectUrl>
         <type>jar</type>
         <licenses>
            <license>
               <name>The Apache Software License, Version 2.0</name>
               <url>http://www.apache.org/licenses/LICENSE-2.0.txt</url>
            </license>
         </licenses>
         <downloadUrls>
            <string>https://repo.maven.apache.org/maven2/com/googlecode/json-simple/json-simple/1.1/json-simple-1.1.jar</string>
         </downloadUrls>
      </dependency>
      <dependency>
         <name>jsr166y</name>
         <groupId>org.codehaus.jsr166-mirror</groupId>
         <artifactId>jsr166y</artifactId>
         <version>1.7.0</version>
         <type>jar</type>
         <licenses/>
         <downloadUrls>
            <string>https://repo.maven.apache.org/maven2/org/codehaus/jsr166-mirror/jsr166y/1.7.0/jsr166y-1.7.0.jar</string>
         </downloadUrls>
      </dependency>
      <dependency>
         <name>jsr311-api</name>
         <groupId>javax.ws.rs</groupId>
         <artifactId>jsr311-api</artifactId>
         <version>1.1.1</version>
         <projectUrl>https://jsr311.dev.java.net</projectUrl>
         <type>jar</type>
         <licenses>
            <license>
               <name>CDDL License</name>
               <url>http://www.opensource.org/licenses/cddl1.php</url>
            </license>
         </licenses>
         <downloadUrls>
            <string>https://repo.maven.apache.org/maven2/javax/ws/rs/jsr311-api/1.1.1/jsr311-api-1.1.1.jar</string>
         </downloadUrls>
      </dependency>
      <dependency>
         <name>JUnit</name>
         <groupId>junit</groupId>
         <artifactId>junit</artifactId>
         <version>4.12</version>
         <projectUrl>http://junit.org</projectUrl>
         <type>jar</type>
         <licenses>
            <license>
               <name>Eclipse Public License 1.0</name>
               <url>http://www.eclipse.org/legal/epl-v10.html</url>
            </license>
         </licenses>
         <downloadUrls>
            <string>https://repo.maven.apache.org/maven2/junit/junit/4.12/junit-4.12.jar</string>
         </downloadUrls>
      </dependency>
      <dependency>
         <name>Logback Classic Module</name>
         <groupId>ch.qos.logback</groupId>
         <artifactId>logback-classic</artifactId>
         <version>1.1.3</version>
         <projectUrl>http://logback.qos.ch/logback-classic</projectUrl>
         <type>jar</type>
         <licenses>
            <license>
               <name>Eclipse Public License - v 1.0</name>
               <url>http://www.eclipse.org/legal/epl-v10.html</url>
            </license>
            <license>
               <name>GNU Lesser General Public License</name>
               <url>http://www.gnu.org/licenses/old-licenses/lgpl-2.1.html</url>
            </license>
         </licenses>
         <downloadUrls>
            <string>https://repo.maven.apache.org/maven2/ch/qos/logback/logback-classic/1.1.3/logback-classic-1.1.3.jar</string>
         </downloadUrls>
      </dependency>
      <dependency>
         <name>Logback Core Module</name>
         <groupId>ch.qos.logback</groupId>
         <artifactId>logback-core</artifactId>
         <version>1.1.3</version>
         <projectUrl>http://logback.qos.ch/logback-core</projectUrl>
         <type>jar</type>
         <licenses>
            <license>
               <name>Eclipse Public License - v 1.0</name>
               <url>http://www.eclipse.org/legal/epl-v10.html</url>
            </license>
            <license>
               <name>GNU Lesser General Public License</name>
               <url>http://www.gnu.org/licenses/old-licenses/lgpl-2.1.html</url>
            </license>
         </licenses>
         <downloadUrls>
            <string>https://repo.maven.apache.org/maven2/ch/qos/logback/logback-core/1.1.3/logback-core-1.1.3.jar</string>
         </downloadUrls>
      </dependency>
      <dependency>
         <name>Logging</name>
         <groupId>commons-logging</groupId>
         <artifactId>commons-logging</artifactId>
         <version>1.0.4</version>
         <projectUrl>http://jakarta.apache.org/commons/logging/</projectUrl>
         <type>jar</type>
         <licenses>
            <license>
               <name>The Apache Software License, Version 2.0</name>
               <url>/LICENSE.txt</url>
            </license>
         </licenses>
         <downloadUrls>
            <string>https://repo.maven.apache.org/maven2/commons-logging/commons-logging/1.0.4/commons-logging-1.0.4.jar</string>
         </downloadUrls>
      </dependency>
      <dependency>
         <name>LZ4 and xxHash</name>
         <groupId>net.jpountz.lz4</groupId>
         <artifactId>lz4</artifactId>
         <version>1.2.0</version>
         <projectUrl>https://github.com/jpountz/lz4-java</projectUrl>
         <type>jar</type>
         <licenses>
            <license>
               <name>The Apache Software License, Version 2.0</name>
               <url>http://www.apache.org/licenses/LICENSE-2.0.txt</url>
            </license>
         </licenses>
         <downloadUrls>
            <string>https://repo.maven.apache.org/maven2/net/jpountz/lz4/lz4/1.2.0/lz4-1.2.0.jar</string>
         </downloadUrls>
      </dependency>
      <dependency>
         <name>Metrics Core</name>
         <groupId>io.dropwizard.metrics</groupId>
         <artifactId>metrics-core</artifactId>
         <version>3.1.2</version>
         <projectUrl>http://metrics.codahale.com/metrics-core/</projectUrl>
         <type>jar</type>
         <licenses>
            <license>
               <name>Apache License 2.0</name>
               <url>http://www.apache.org/licenses/LICENSE-2.0.html</url>
            </license>
         </licenses>
         <downloadUrls>
            <string>https://repo.maven.apache.org/maven2/io/dropwizard/metrics/metrics-core/3.1.2/metrics-core-3.1.2.jar</string>
         </downloadUrls>
      </dependency>
      <dependency>
         <name>Metrics Core Library</name>
         <groupId>com.yammer.metrics</groupId>
         <artifactId>metrics-core</artifactId>
         <version>2.2.0</version>
         <projectUrl>http://metrics.codahale.com/metrics-core/</projectUrl>
         <type>jar</type>
         <licenses>
            <license>
               <name>Apache License 2.0</name>
               <url>http://www.apache.org/licenses/LICENSE-2.0.html</url>
            </license>
         </licenses>
         <downloadUrls>
            <string>https://repo.maven.apache.org/maven2/com/yammer/metrics/metrics-core/2.2.0/metrics-core-2.2.0.jar</string>
         </downloadUrls>
      </dependency>
      <dependency>
         <name>Metrics Health Checks</name>
         <groupId>io.dropwizard.metrics</groupId>
         <artifactId>metrics-healthchecks</artifactId>
         <version>3.1.2</version>
         <projectUrl>http://metrics.codahale.com/metrics-healthchecks/</projectUrl>
         <type>jar</type>
         <licenses>
            <license>
               <name>Apache License 2.0</name>
               <url>http://www.apache.org/licenses/LICENSE-2.0.html</url>
            </license>
         </licenses>
         <downloadUrls>
            <string>https://repo.maven.apache.org/maven2/io/dropwizard/metrics/metrics-healthchecks/3.1.2/metrics-healthchecks-3.1.2.jar</string>
         </downloadUrls>
      </dependency>
      <dependency>
         <name>Mockito</name>
         <groupId>org.mockito</groupId>
         <artifactId>mockito-core</artifactId>
         <version>1.10.19</version>
         <projectUrl>http://www.mockito.org</projectUrl>
         <type>jar</type>
         <licenses>
            <license>
               <name>The MIT License</name>
               <url>http://github.com/mockito/mockito/blob/master/LICENSE</url>
            </license>
         </licenses>
         <downloadUrls>
            <string>https://repo.maven.apache.org/maven2/org/mockito/mockito-core/1.10.19/mockito-core-1.10.19.jar</string>
         </downloadUrls>
      </dependency>
      <dependency>
         <name>MySQL Connector/J</name>
         <groupId>mysql</groupId>
         <artifactId>mysql-connector-java</artifactId>
         <version>5.1.38</version>
         <projectUrl>http://dev.mysql.com/doc/connector-j/en/</projectUrl>
         <type>jar</type>
         <licenses>
            <license>
               <name>The GNU General Public License, Version 2</name>
               <url>http://www.gnu.org/licenses/old-licenses/gpl-2.0.html</url>
            </license>
         </licenses>
         <downloadUrls>
            <string>https://repo.maven.apache.org/maven2/mysql/mysql-connector-java/5.1.38/mysql-connector-java-5.1.38.jar</string>
         </downloadUrls>
      </dependency>
      <dependency>
         <name>Netty/Buffer</name>
         <groupId>io.netty</groupId>
         <artifactId>netty-buffer</artifactId>
         <version>4.0.37.Final</version>
         <projectUrl>http://netty.io/netty-buffer/</projectUrl>
         <type>jar</type>
         <licenses>
            <license>
               <name>Apache License, Version 2.0</name>
               <url>http://www.apache.org/licenses/LICENSE-2.0</url>
            </license>
         </licenses>
         <downloadUrls>
            <string>https://repo.maven.apache.org/maven2/io/netty/netty-buffer/4.0.37.Final/netty-buffer-4.0.37.Final.jar</string>
         </downloadUrls>
      </dependency>
      <dependency>
         <name>Netty/Codec</name>
         <groupId>io.netty</groupId>
         <artifactId>netty-codec</artifactId>
         <version>4.0.37.Final</version>
         <projectUrl>http://netty.io/netty-codec/</projectUrl>
         <type>jar</type>
         <licenses>
            <license>
               <name>Apache License, Version 2.0</name>
               <url>http://www.apache.org/licenses/LICENSE-2.0</url>
            </license>
         </licenses>
         <downloadUrls>
            <string>https://repo.maven.apache.org/maven2/io/netty/netty-codec/4.0.37.Final/netty-codec-4.0.37.Final.jar</string>
         </downloadUrls>
      </dependency>
      <dependency>
         <name>Netty/Common</name>
         <groupId>io.netty</groupId>
         <artifactId>netty-common</artifactId>
         <version>4.0.37.Final</version>
         <projectUrl>http://netty.io/netty-common/</projectUrl>
         <type>jar</type>
         <licenses>
            <license>
               <name>Apache License, Version 2.0</name>
               <url>http://www.apache.org/licenses/LICENSE-2.0</url>
            </license>
         </licenses>
         <downloadUrls>
            <string>https://repo.maven.apache.org/maven2/io/netty/netty-common/4.0.37.Final/netty-common-4.0.37.Final.jar</string>
         </downloadUrls>
      </dependency>
      <dependency>
         <name>Netty/Handler</name>
         <groupId>io.netty</groupId>
         <artifactId>netty-handler</artifactId>
         <version>4.0.37.Final</version>
         <projectUrl>http://netty.io/netty-handler/</projectUrl>
         <type>jar</type>
         <licenses>
            <license>
               <name>Apache License, Version 2.0</name>
               <url>http://www.apache.org/licenses/LICENSE-2.0</url>
            </license>
         </licenses>
         <downloadUrls>
            <string>https://repo.maven.apache.org/maven2/io/netty/netty-handler/4.0.37.Final/netty-handler-4.0.37.Final.jar</string>
         </downloadUrls>
      </dependency>
      <dependency>
         <name>Netty/Transport</name>
         <groupId>io.netty</groupId>
         <artifactId>netty-transport</artifactId>
         <version>4.0.37.Final</version>
         <projectUrl>http://netty.io/netty-transport/</projectUrl>
         <type>jar</type>
         <licenses>
            <license>
               <name>Apache License, Version 2.0</name>
               <url>http://www.apache.org/licenses/LICENSE-2.0</url>
            </license>
         </licenses>
         <downloadUrls>
            <string>https://repo.maven.apache.org/maven2/io/netty/netty-transport/4.0.37.Final/netty-transport-4.0.37.Final.jar</string>
         </downloadUrls>
      </dependency>
      <dependency>
         <name>Ning-compress-LZF</name>
         <groupId>com.ning</groupId>
         <artifactId>compress-lzf</artifactId>
         <version>0.8.4</version>
         <projectUrl>http://github.com/ning/compress</projectUrl>
         <type>jar</type>
         <licenses>
            <license>
               <name>Apache License 2.0</name>
               <url>http://www.apache.org/licenses/LICENSE-2.0.html</url>
            </license>
         </licenses>
         <downloadUrls>
            <string>https://repo.maven.apache.org/maven2/com/ning/compress-lzf/0.8.4/compress-lzf-0.8.4.jar</string>
         </downloadUrls>
      </dependency>
      <dependency>
         <name>Objenesis</name>
         <groupId>org.objenesis</groupId>
         <artifactId>objenesis</artifactId>
         <version>2.1</version>
         <projectUrl>http://objenesis.org</projectUrl>
         <type>jar</type>
         <licenses>
            <license>
               <name>Apache 2</name>
               <url>http://www.apache.org/licenses/LICENSE-2.0.txt</url>
            </license>
         </licenses>
         <downloadUrls>
            <string>https://repo.maven.apache.org/maven2/org/objenesis/objenesis/2.1/objenesis-2.1.jar</string>
         </downloadUrls>
      </dependency>
      <dependency>
         <name>powermock-api-easymock</name>
         <groupId>org.powermock</groupId>
         <artifactId>powermock-api-easymock</artifactId>
         <version>1.6.4</version>
         <projectUrl>http://www.powermock.org/powermock-api/powermock-api-easymock</projectUrl>
         <type>jar</type>
         <licenses>
            <license>
               <name>The Apache Software License, Version 2.0</name>
               <url>http://www.apache.org/licenses/LICENSE-2.0.txt</url>
            </license>
         </licenses>
         <downloadUrls>
            <string>https://repo.maven.apache.org/maven2/org/powermock/powermock-api-easymock/1.6.4/powermock-api-easymock-1.6.4.jar</string>
         </downloadUrls>
      </dependency>
      <dependency>
         <name>powermock-api-mockito</name>
         <groupId>org.powermock</groupId>
         <artifactId>powermock-api-mockito</artifactId>
         <version>1.6.4</version>
         <projectUrl>http://www.powermock.org/powermock-api/powermock-api-mockito</projectUrl>
         <type>jar</type>
         <licenses>
            <license>
               <name>The Apache Software License, Version 2.0</name>
               <url>http://www.apache.org/licenses/LICENSE-2.0.txt</url>
            </license>
         </licenses>
         <downloadUrls>
            <string>https://repo.maven.apache.org/maven2/org/powermock/powermock-api-mockito/1.6.4/powermock-api-mockito-1.6.4.jar</string>
         </downloadUrls>
      </dependency>
      <dependency>
         <name>powermock-api-support</name>
         <groupId>org.powermock</groupId>
         <artifactId>powermock-api-support</artifactId>
         <version>1.6.4</version>
         <projectUrl>http://www.powermock.org/powermock-api/powermock-api-support</projectUrl>
         <type>jar</type>
         <licenses>
            <license>
               <name>The Apache Software License, Version 2.0</name>
               <url>http://www.apache.org/licenses/LICENSE-2.0.txt</url>
            </license>
         </licenses>
         <downloadUrls>
            <string>https://repo.maven.apache.org/maven2/org/powermock/powermock-api-support/1.6.4/powermock-api-support-1.6.4.jar</string>
         </downloadUrls>
      </dependency>
      <dependency>
         <name>powermock-core</name>
         <groupId>org.powermock</groupId>
         <artifactId>powermock-core</artifactId>
         <version>1.6.4</version>
         <projectUrl>http://www.powermock.org</projectUrl>
         <type>jar</type>
         <licenses>
            <license>
               <name>The Apache Software License, Version 2.0</name>
               <url>http://www.apache.org/licenses/LICENSE-2.0.txt</url>
            </license>
         </licenses>
         <downloadUrls>
            <string>https://repo.maven.apache.org/maven2/org/powermock/powermock-core/1.6.4/powermock-core-1.6.4.jar</string>
         </downloadUrls>
      </dependency>
      <dependency>
         <name>powermock-module-junit4</name>
         <groupId>org.powermock</groupId>
         <artifactId>powermock-module-junit4</artifactId>
         <version>1.6.4</version>
         <projectUrl>http://www.powermock.org</projectUrl>
         <type>jar</type>
         <licenses>
            <license>
               <name>The Apache Software License, Version 2.0</name>
               <url>http://www.apache.org/licenses/LICENSE-2.0.txt</url>
            </license>
         </licenses>
         <downloadUrls>
            <string>https://repo.maven.apache.org/maven2/org/powermock/powermock-module-junit4/1.6.4/powermock-module-junit4-1.6.4.jar</string>
         </downloadUrls>
      </dependency>
      <dependency>
         <name>powermock-module-junit4-common</name>
         <groupId>org.powermock</groupId>
         <artifactId>powermock-module-junit4-common</artifactId>
         <version>1.6.4</version>
         <projectUrl>http://www.powermock.org/powermock-modules/powermock-module-junit4-common</projectUrl>
         <type>jar</type>
         <licenses>
            <license>
               <name>The Apache Software License, Version 2.0</name>
               <url>http://www.apache.org/licenses/LICENSE-2.0.txt</url>
            </license>
         </licenses>
         <downloadUrls>
            <string>https://repo.maven.apache.org/maven2/org/powermock/powermock-module-junit4-common/1.6.4/powermock-module-junit4-common-1.6.4.jar</string>
         </downloadUrls>
      </dependency>
      <dependency>
         <name>powermock-reflect</name>
         <groupId>org.powermock</groupId>
         <artifactId>powermock-reflect</artifactId>
         <version>1.6.4</version>
         <projectUrl>http://www.powermock.org/powermock-reflect</projectUrl>
         <type>jar</type>
         <licenses>
            <license>
               <name>The Apache Software License, Version 2.0</name>
               <url>http://www.apache.org/licenses/LICENSE-2.0.txt</url>
            </license>
         </licenses>
         <downloadUrls>
            <string>https://repo.maven.apache.org/maven2/org/powermock/powermock-reflect/1.6.4/powermock-reflect-1.6.4.jar</string>
         </downloadUrls>
      </dependency>
      <dependency>
         <name>Project Lombok</name>
         <groupId>org.projectlombok</groupId>
         <artifactId>lombok</artifactId>
         <version>1.16.10</version>
         <projectUrl>https://projectlombok.org</projectUrl>
         <type>jar</type>
         <licenses>
            <license>
               <name>The MIT License</name>
               <url>https://projectlombok.org/LICENSE</url>
            </license>
         </licenses>
         <downloadUrls>
            <string>https://repo.maven.apache.org/maven2/org/projectlombok/lombok/1.16.10/lombok-1.16.10.jar</string>
         </downloadUrls>
      </dependency>
      <dependency>
         <name>reactive-streams</name>
         <groupId>org.reactivestreams</groupId>
         <artifactId>reactive-streams</artifactId>
         <version>1.0.0</version>
         <projectUrl>http://www.reactive-streams.org/</projectUrl>
         <type>jar</type>
         <licenses>
            <license>
               <name>CC0</name>
               <url>http://creativecommons.org/publicdomain/zero/1.0/</url>
            </license>
         </licenses>
         <downloadUrls>
            <string>https://repo.maven.apache.org/maven2/org/reactivestreams/reactive-streams/1.0.0/reactive-streams-1.0.0.jar</string>
         </downloadUrls>
      </dependency>
      <dependency>
         <name>rxjava</name>
         <groupId>io.reactivex</groupId>
         <artifactId>rxjava</artifactId>
         <version>1.1.7</version>
         <projectUrl>https://github.com/ReactiveX/RxJava</projectUrl>
         <type>jar</type>
         <licenses>
            <license>
               <name>The Apache Software License, Version 2.0</name>
               <url>http://www.apache.org/licenses/LICENSE-2.0.txt</url>
            </license>
         </licenses>
         <downloadUrls>
            <string>https://repo.maven.apache.org/maven2/io/reactivex/rxjava/1.1.7/rxjava-1.1.7.jar</string>
         </downloadUrls>
      </dependency>
      <dependency>
         <name>SLF4J API Module</name>
         <groupId>org.slf4j</groupId>
         <artifactId>slf4j-api</artifactId>
         <version>1.7.7</version>
         <projectUrl>http://www.slf4j.org</projectUrl>
         <type>jar</type>
         <licenses>
            <license>
               <name>MIT License</name>
               <url>http://www.opensource.org/licenses/mit-license.php</url>
            </license>
         </licenses>
         <downloadUrls>
            <string>https://repo.maven.apache.org/maven2/org/slf4j/slf4j-api/1.7.7/slf4j-api-1.7.7.jar</string>
         </downloadUrls>
      </dependency>
      <dependency>
         <name>SnakeYAML</name>
         <groupId>org.yaml</groupId>
         <artifactId>snakeyaml</artifactId>
         <version>1.6</version>
         <projectUrl>http://code.google.com/p/snakeyaml/</projectUrl>
         <type>jar</type>
         <licenses>
            <license>
               <name>Apache License Version 2.0</name>
               <url>LICENSE.txt</url>
            </license>
         </licenses>
         <downloadUrls>
            <string>https://repo.maven.apache.org/maven2/org/yaml/snakeyaml/1.6/snakeyaml-1.6.jar</string>
         </downloadUrls>
      </dependency>
      <dependency>
         <name>SnapTree RI</name>
         <groupId>edu.stanford.ppl</groupId>
         <artifactId>snaptree</artifactId>
         <version>0.1</version>
         <projectUrl>https://github.com/nbronson/snaptree</projectUrl>
         <type>jar</type>
         <licenses>
            <license>
               <name>SNAPTREE LICENSE</name>
               <url>https://raw.github.com/nbronson/snaptree/b198f84b0c927f6b5cdef080552fc26aa004d3ee/doc/LICENSE</url>
            </license>
         </licenses>
         <downloadUrls>
            <string>https://repo.maven.apache.org/maven2/edu/stanford/ppl/snaptree/0.1/snaptree-0.1.jar</string>
         </downloadUrls>
      </dependency>
      <dependency>
         <name>Streaming API for XML</name>
         <groupId>javax.xml.stream</groupId>
         <artifactId>stax-api</artifactId>
         <version>1.0-2</version>
         <type>jar</type>
         <licenses>
            <license>
               <name>GNU General Public Library</name>
               <url>http://www.gnu.org/licenses/gpl.txt</url>
            </license>
            <license>
               <name>COMMON DEVELOPMENT AND DISTRIBUTION LICENSE (CDDL) Version 1.0</name>
               <url>http://www.sun.com/cddl/cddl.html</url>
            </license>
         </licenses>
         <downloadUrls>
            <string>https://repo.maven.apache.org/maven2/javax/xml/stream/stax-api/1.0-2/stax-api-1.0-2.jar</string>
         </downloadUrls>
      </dependency>
      <dependency>
         <name>swagger-annotations</name>
         <groupId>io.swagger</groupId>
         <artifactId>swagger-annotations</artifactId>
         <version>1.5.4</version>
         <projectUrl>https://github.com/swagger-api/swagger-core/modules/swagger-annotations</projectUrl>
         <type>jar</type>
         <licenses>
            <license>
               <name>Apache License 2.0</name>
               <url>http://www.apache.org/licenses/LICENSE-2.0.html</url>
            </license>
         </licenses>
         <downloadUrls>
            <string>https://repo.maven.apache.org/maven2/io/swagger/swagger-annotations/1.5.4/swagger-annotations-1.5.4.jar</string>
         </downloadUrls>
      </dependency>
      <dependency>
         <name>swagger-core</name>
         <groupId>io.swagger</groupId>
         <artifactId>swagger-core</artifactId>
         <version>1.5.4</version>
         <projectUrl>https://github.com/swagger-api/swagger-core/modules/swagger-core</projectUrl>
         <type>jar</type>
         <licenses>
            <license>
               <name>Apache License 2.0</name>
               <url>http://www.apache.org/licenses/LICENSE-2.0.html</url>
            </license>
         </licenses>
         <downloadUrls>
            <string>https://repo.maven.apache.org/maven2/io/swagger/swagger-core/1.5.4/swagger-core-1.5.4.jar</string>
         </downloadUrls>
      </dependency>
      <dependency>
         <name>swagger-models</name>
         <groupId>io.swagger</groupId>
         <artifactId>swagger-models</artifactId>
         <version>1.5.4</version>
         <projectUrl>https://github.com/swagger-api/swagger-core/modules/swagger-models</projectUrl>
         <type>jar</type>
         <licenses>
            <license>
               <name>Apache License 2.0</name>
               <url>http://www.apache.org/licenses/LICENSE-2.0.html</url>
            </license>
         </licenses>
         <downloadUrls>
            <string>https://repo.maven.apache.org/maven2/io/swagger/swagger-models/1.5.4/swagger-models-1.5.4.jar</string>
         </downloadUrls>
      </dependency>
      <dependency>
         <name>The Netty Project</name>
         <groupId>io.netty</groupId>
         <artifactId>netty</artifactId>
         <version>3.6.6.Final</version>
         <projectUrl>http://netty.io/</projectUrl>
         <type>jar</type>
         <licenses>
            <license>
               <name>Apache License, Version 2.0</name>
               <url>http://www.apache.org/licenses/LICENSE-2.0</url>
            </license>
         </licenses>
         <downloadUrls>
            <string>https://repo.maven.apache.org/maven2/io/netty/netty/3.6.6.Final/netty-3.6.6.Final.jar</string>
         </downloadUrls>
      </dependency>
      <dependency>
         <name>troilus-core</name>
         <groupId>net.oneandone.troilus</groupId>
         <artifactId>troilus-core</artifactId>
         <version>0.18</version>
         <projectUrl>http://1and1.github.io/foss-parent/troilus-parent/troilus-core</projectUrl>
         <type>jar</type>
         <licenses>
            <license>
               <name>The Apache Software License, Version 2.0</name>
               <url>http://www.apache.org/licenses/LICENSE-2.0.txt</url>
            </license>
         </licenses>
         <downloadUrls>
            <string>https://repo.maven.apache.org/maven2/net/oneandone/troilus/troilus-core/0.18/troilus-core-0.18.jar</string>
         </downloadUrls>
      </dependency>
      <dependency>
         <name>troilus-core-java7</name>
         <groupId>net.oneandone.troilus</groupId>
         <artifactId>troilus-core-java7</artifactId>
         <version>0.18</version>
         <projectUrl>http://1and1.github.io/foss-parent/troilus-parent/troilus-core-java7</projectUrl>
         <type>jar</type>
         <licenses>
            <license>
               <name>The Apache Software License, Version 2.0</name>
               <url>http://www.apache.org/licenses/LICENSE-2.0.txt</url>
            </license>
         </licenses>
         <downloadUrls>
            <string>https://repo.maven.apache.org/maven2/net/oneandone/troilus/troilus-core-java7/0.18/troilus-core-java7-0.18.jar</string>
         </downloadUrls>
      </dependency>
      <dependency>
         <name>UUID</name>
         <groupId>com.eaio.uuid</groupId>
         <artifactId>uuid</artifactId>
         <version>3.2</version>
         <projectUrl>http://johannburkard.de/software/uuid/</projectUrl>
         <type>jar</type>
         <licenses>
            <license>
               <name>MIT License</name>
               <url>http://www.opensource.org/licenses/mit-license.php</url>
            </license>
         </licenses>
         <downloadUrls>
            <string>https://repo.maven.apache.org/maven2/com/eaio/uuid/uuid/3.2/uuid-3.2.jar</string>
         </downloadUrls>
      </dependency>
      <dependency>
         <name>wasabi-analytics-objects</name>
         <groupId>com.intuit.wasabi</groupId>
         <artifactId>wasabi-analytics-objects</artifactId>
         <version>1.0.20160902232623-SNAPSHOT</version>
         <projectUrl>https://github.com/intuit/wasabi/modules/wasabi-analytics-objects</projectUrl>
         <type>jar</type>
         <licenses>
            <license>
               <name>Apache</name>
               <url>http://www.apache.org/licenses/LICENSE-2.0</url>
            </license>
         </licenses>
         <downloadUrls/>
      </dependency>
      <dependency>
         <name>wasabi-assignment-objects</name>
         <groupId>com.intuit.wasabi</groupId>
         <artifactId>wasabi-assignment-objects</artifactId>
         <version>1.0.20160902232623-SNAPSHOT</version>
         <projectUrl>https://github.com/intuit/wasabi/modules/wasabi-assignment-objects</projectUrl>
         <type>jar</type>
         <licenses>
            <license>
               <name>Apache</name>
               <url>http://www.apache.org/licenses/LICENSE-2.0</url>
            </license>
         </licenses>
         <downloadUrls/>
      </dependency>
      <dependency>
         <name>wasabi-auditlog-objects</name>
         <groupId>com.intuit.wasabi</groupId>
         <artifactId>wasabi-auditlog-objects</artifactId>
         <version>1.0.20160902232623-SNAPSHOT</version>
         <projectUrl>https://github.com/intuit/wasabi/modules/wasabi-auditlog-objects</projectUrl>
         <type>jar</type>
         <licenses>
            <license>
               <name>Apache</name>
               <url>http://www.apache.org/licenses/LICENSE-2.0</url>
            </license>
         </licenses>
         <downloadUrls/>
      </dependency>
      <dependency>
         <name>wasabi-authentication-objects</name>
         <groupId>com.intuit.wasabi</groupId>
         <artifactId>wasabi-authentication-objects</artifactId>
         <version>1.0.20160902232623-SNAPSHOT</version>
         <projectUrl>https://github.com/intuit/wasabi/modules/wasabi-authentication-objects</projectUrl>
         <type>jar</type>
         <licenses>
            <license>
               <name>Apache</name>
               <url>http://www.apache.org/licenses/LICENSE-2.0</url>
            </license>
         </licenses>
         <downloadUrls/>
      </dependency>
      <dependency>
         <name>wasabi-authorization-objects</name>
         <groupId>com.intuit.wasabi</groupId>
         <artifactId>wasabi-authorization-objects</artifactId>
         <version>1.0.20160902232623-SNAPSHOT</version>
         <projectUrl>https://github.com/intuit/wasabi/modules/wasabi-authorization-objects</projectUrl>
         <type>jar</type>
         <licenses>
            <license>
               <name>Apache</name>
               <url>http://www.apache.org/licenses/LICENSE-2.0</url>
            </license>
         </licenses>
         <downloadUrls/>
      </dependency>
      <dependency>
         <name>wasabi-cassandra-datastax</name>
         <groupId>com.intuit.wasabi</groupId>
         <artifactId>wasabi-cassandra-datastax</artifactId>
         <version>1.0.20160902232623-SNAPSHOT</version>
         <projectUrl>https://github.com/intuit/wasabi/modules/wasabi-cassandra-datastax</projectUrl>
         <type>jar</type>
         <licenses>
            <license>
               <name>Apache</name>
               <url>http://www.apache.org/licenses/LICENSE-2.0</url>
            </license>
         </licenses>
         <downloadUrls/>
      </dependency>
      <dependency>
         <name>wasabi-database</name>
         <groupId>com.intuit.wasabi</groupId>
         <artifactId>wasabi-database</artifactId>
         <version>1.0.20160902232623-SNAPSHOT</version>
         <projectUrl>https://github.com/intuit/wasabi/modules/wasabi-database</projectUrl>
         <type>jar</type>
         <licenses>
            <license>
               <name>Apache</name>
               <url>http://www.apache.org/licenses/LICENSE-2.0</url>
            </license>
         </licenses>
         <downloadUrls/>
      </dependency>
      <dependency>
         <name>wasabi-eventlog</name>
         <groupId>com.intuit.wasabi</groupId>
         <artifactId>wasabi-eventlog</artifactId>
         <version>1.0.20160902232623-SNAPSHOT</version>
         <projectUrl>https://github.com/intuit/wasabi/modules/wasabi-eventlog</projectUrl>
         <type>jar</type>
         <licenses>
            <license>
               <name>Apache</name>
               <url>http://www.apache.org/licenses/LICENSE-2.0</url>
            </license>
         </licenses>
         <downloadUrls/>
      </dependency>
      <dependency>
         <name>wasabi-exceptions</name>
         <groupId>com.intuit.wasabi</groupId>
         <artifactId>wasabi-exceptions</artifactId>
         <version>1.0.20160902232623-SNAPSHOT</version>
         <projectUrl>https://github.com/intuit/wasabi/modules/wasabi-exceptions</projectUrl>
         <type>jar</type>
         <licenses>
            <license>
               <name>Apache</name>
               <url>http://www.apache.org/licenses/LICENSE-2.0</url>
            </license>
         </licenses>
         <downloadUrls/>
      </dependency>
      <dependency>
         <name>wasabi-experiment-objects</name>
         <groupId>com.intuit.wasabi</groupId>
         <artifactId>wasabi-experiment-objects</artifactId>
         <version>1.0.20160902232623-SNAPSHOT</version>
         <projectUrl>https://github.com/intuit/wasabi/modules/wasabi-experiment-objects</projectUrl>
         <type>jar</type>
         <licenses>
            <license>
               <name>Apache</name>
               <url>http://www.apache.org/licenses/LICENSE-2.0</url>
            </license>
         </licenses>
         <downloadUrls/>
      </dependency>
      <dependency>
         <name>wasabi-export</name>
         <groupId>com.intuit.wasabi</groupId>
         <artifactId>wasabi-export</artifactId>
         <version>1.0.20160902232623-SNAPSHOT</version>
         <projectUrl>https://github.com/intuit/wasabi/modules/wasabi-export</projectUrl>
         <type>jar</type>
         <licenses>
            <license>
               <name>Apache</name>
               <url>http://www.apache.org/licenses/LICENSE-2.0</url>
            </license>
         </licenses>
         <downloadUrls/>
      </dependency>
      <dependency>
         <name>wasabi-feedback-objects</name>
         <groupId>com.intuit.wasabi</groupId>
         <artifactId>wasabi-feedback-objects</artifactId>
         <version>1.0.20160902232623-SNAPSHOT</version>
         <projectUrl>https://github.com/intuit/wasabi/modules/wasabi-feedback-objects</projectUrl>
         <type>jar</type>
         <licenses>
            <license>
               <name>Apache</name>
               <url>http://www.apache.org/licenses/LICENSE-2.0</url>
            </license>
         </licenses>
         <downloadUrls/>
      </dependency>
      <dependency>
         <name>wasabi-user-directory</name>
         <groupId>com.intuit.wasabi</groupId>
         <artifactId>wasabi-user-directory</artifactId>
         <version>1.0.20160902232623-SNAPSHOT</version>
         <projectUrl>https://github.com/intuit/wasabi/modules/wasabi-user-directory</projectUrl>
         <type>jar</type>
         <licenses>
            <license>
               <name>Apache</name>
               <url>http://www.apache.org/licenses/LICENSE-2.0</url>
            </license>
         </licenses>
         <downloadUrls/>
      </dependency>
      <dependency>
         <name>Xml Compatibility extensions for Jackson</name>
         <groupId>org.codehaus.jackson</groupId>
         <artifactId>jackson-xc</artifactId>
         <version>1.9.2</version>
         <projectUrl>http://jackson.codehaus.org</projectUrl>
         <type>jar</type>
         <licenses>
            <license>
               <name>The Apache Software License, Version 2.0</name>
               <url>http://www.apache.org/licenses/LICENSE-2.0.txt</url>
            </license>
            <license>
               <name>GNU Lesser General Public License (LGPL), Version 2.1</name>
               <url>http://www.fsf.org/licensing/licenses/lgpl.txt</url>
            </license>
         </licenses>
         <downloadUrls>
            <string>https://repo.maven.apache.org/maven2/org/codehaus/jackson/jackson-xc/1.9.2/jackson-xc-1.9.2.jar</string>
         </downloadUrls>
      </dependency>
   </dependencies>
</attributionReport>
